title,project_type,description,category_type_code,proponent,target_beneficiaries,beneficiaries,implementation_start_date,implementation_end_date,event_date,start_time,end_time,venue_name,project_cost,fund_source,contractor_supplier,procurement_description,quantity,expected_delivery_date,remarks,street,barangay,municipality,province
Demo — Community Health Screening Day,EVENT,Fictional event sample in Bagting for development and capstone practice; not an official municipal activity.,health_support,Mayor's Office,Residents,90,,,2026-02-10,08:00,16:00,Bagting community venue (sample; verify actual site),18000.00,General Fund,,,,,Demo record for testing only; verify all details before real use.,,bagting,Gabaldon,Nueva Ecija
Demo — Youth Reading Support Program,PROGRAM,Fictional program sample in Bantug for development and capstone practice; not an official municipal activity.,education_support,Mayor's Office,School-age residents,60,2026-02-28,2026-04-11,,,,,25500.00,General Fund,,,,,Demo record for testing only; verify all details before real use.,,bantug,Gabaldon,Nueva Ecija
Demo — Senior Citizen Assistance Service,SERVICE,Fictional service sample in Bugnan for development and capstone practice; not an official municipal activity.,social_services,Mayor's Office,Senior citizens,80,2026-03-18,2026-04-29,,,,,33000.00,General Fund,,,,,Demo record for testing only; verify all details before real use.,,bugnan,Gabaldon,Nueva Ecija
Demo — Community Training Materials Purchase,PROCUREMENT,Fictional procurement sample in Calabasa for development and capstone practice; not an official municipal activity.,community_development,Mayor's Office,Training participants,120,2026-04-05,2026-05-17,,,,,40500.00,General Fund,Sample Supplier (fictional),Training kits and printed materials (sample),120,2026-05-05,Demo record for testing only; verify all details before real use.,,calabasa,Gabaldon,Nueva Ecija
Demo — Livelihood Skills Workshop,TRAINING,Fictional training sample in Camachile for development and capstone practice; not an official municipal activity.,livelihood,Mayor's Office,Adult learners,40,2026-04-23,2026-06-04,,,,Camachile community venue (sample; verify actual site),48000.00,General Fund,,,,,Demo record for testing only; verify all details before real use.,,camachile,Gabaldon,Nueva Ecija
Demo — Waste Segregation Awareness Campaign,CAMPAIGN,Fictional campaign sample in Cuyapa for development and capstone practice; not an official municipal activity.,community_development,Mayor's Office,Households,150,2026-05-11,2026-06-22,,,,,55500.00,General Fund,,,,,Demo record for testing only; verify all details before real use.,,cuyapa,Gabaldon,Nueva Ecija
Demo — Disaster Preparedness Orientation,EVENT,Fictional event sample in Ligaya for development and capstone practice; not an official municipal activity.,disaster_management,Mayor's Office,Barangay volunteers,75,,,2026-05-29,08:00,16:00,Ligaya community venue (sample; verify actual site),63000.00,General Fund,,,,,Demo record for testing only; verify all details before real use.,,ligaya,Gabaldon,Nueva Ecija
Demo — Cultural Heritage Learning Program,PROGRAM,Fictional program sample in Macasandal for development and capstone practice; not an official municipal activity.,cultural,Mayor's Office,Young residents,55,2026-06-16,2026-07-28,,,,,70500.00,General Fund,,,,,Demo record for testing only; verify all details before real use.,,macasandal,Gabaldon,Nueva Ecija
Demo — Community Tourism Guide Training,TRAINING,Fictional training sample in Malinao for development and capstone practice; not an official municipal activity.,tourism,Mayor's Office,Prospective local guides,30,2026-07-04,2026-08-15,,,,Malinao community venue (sample; verify actual site),78000.00,General Fund,,,,,Demo record for testing only; verify all details before real use.,,malinao,Gabaldon,Nueva Ecija
Demo — Public Service Feedback Workshop,EVENT,Fictional event sample in Pantoc for development and capstone practice; not an official municipal activity.,governance,Mayor's Office,Residents and community leaders,65,,,2026-07-22,08:00,16:00,Pantoc community venue (sample; verify actual site),85500.00,General Fund,,,,,Demo record for testing only; verify all details before real use.,,pantoc,Gabaldon,Nueva Ecija
