title,description,category_code,street,barangay,municipality,province,latitude,longitude,implementing_office,contractor,procurement_method,abc_amount,contract_price,posting_date,pre_bid_date,bidding_date,notice_award_date,notice_to_proceed_date,planned_start_date,planned_end_date,duration_days,fund_source,actual_expenditure
Demo — Barangay Road Surface Rehabilitation,Fictional sample in Bagting for testing project entry and review; not an official municipal project.,road,Sample Site 01 (replace with verified location),Bagting,Gabaldon,Nueva Ecija,,,Municipal Engineering Office (sample),Sample Contractor A (fictional),competitive_bidding,1500000.00,1395000.00,2025-10-06,2025-10-20,2025-11-03,2025-11-17,2025-11-27,2025-12-17,2026-03-16,90,20% Local Development Fund,
Demo — Community Water Line Improvement,Fictional sample in Bantug for testing project entry and review; not an official municipal project.,water,Sample Site 02 (replace with verified location),Bantug,Gabaldon,Nueva Ecija,,,Municipal Engineering Office (sample),Sample Contractor B (fictional),competitive_bidding,2150000.00,2040000.00,2025-10-18,2025-11-01,2025-11-15,2025-11-29,2025-12-09,2025-12-29,2026-04-04,97,General Fund,
Demo — Barangay Drainage Rehabilitation,Fictional sample in Bugnan for testing project entry and review; not an official municipal project.,sanitation,Sample Site 03 (replace with verified location),Bugnan,Gabaldon,Nueva Ecija,,,Municipal Engineering Office (sample),Sample Contractor C (fictional),svp,780000.00,750000.00,2025-10-30,2025-11-13,2025-11-27,2025-12-11,2025-12-21,2026-01-10,2026-04-23,104,20% Local Development Fund,
Demo — Rural Health Facility Repair,Fictional sample in Calabasa for testing project entry and review; not an official municipal project.,health,Sample Site 04 (replace with verified location),Calabasa,Gabaldon,Nueva Ecija,,,Municipal Engineering Office (sample),Sample Contractor D (fictional),competitive_bidding,2450000.00,2325000.00,2025-11-11,2025-11-25,2025-12-09,2025-12-23,2026-01-02,2026-01-22,2026-05-12,111,General Fund,
Demo — Public School Classroom Repair,Fictional sample in Camachile for testing project entry and review; not an official municipal project.,education,Sample Site 05 (replace with verified location),Camachile,Gabaldon,Nueva Ecija,,,Municipal Engineering Office (sample),Sample Contractor E (fictional),competitive_bidding,1880000.00,1800000.00,2025-11-23,2025-12-07,2025-12-21,2026-01-04,2026-01-14,2026-02-03,2026-05-31,118,Special Education Fund,
Demo — Solar Street Lighting Installation,Fictional sample in Cuyapa for testing project entry and review; not an official municipal project.,energy,Sample Site 06 (replace with verified location),Cuyapa,Gabaldon,Nueva Ecija,,,Municipal Engineering Office (sample),Sample Contractor F (fictional),competitive_bidding,1650000.00,1580000.00,2025-12-05,2025-12-19,2026-01-02,2026-01-16,2026-01-26,2026-02-15,2026-06-19,125,General Fund,
Demo — Municipal ICT Service Room Improvement,Fictional sample in Ligaya for testing project entry and review; not an official municipal project.,ict,Sample Site 07 (replace with verified location),Ligaya,Gabaldon,Nueva Ecija,,,Municipal Engineering Office (sample),Sample Contractor G (fictional),svp,640000.00,615000.00,2025-12-17,2025-12-31,2026-01-14,2026-01-28,2026-02-07,2026-02-27,2026-07-08,132,General Fund,
Demo — Farm Access Road Repair,Fictional sample in Macasandal for testing project entry and review; not an official municipal project.,agriculture,Sample Site 08 (replace with verified location),Macasandal,Gabaldon,Nueva Ecija,,,Municipal Engineering Office (sample),Sample Contractor H (fictional),competitive_bidding,3220000.00,3060000.00,2025-12-29,2026-01-12,2026-01-26,2026-02-09,2026-02-19,2026-03-11,2026-07-27,139,20% Local Development Fund,
Demo — Creek Bank Protection Works,Fictional sample in Malinao for testing project entry and review; not an official municipal project.,environment,Sample Site 09 (replace with verified location),Malinao,Gabaldon,Nueva Ecija,,,Municipal Engineering Office (sample),Sample Contractor I (fictional),competitive_bidding,2780000.00,2650000.00,2026-01-10,2026-01-24,2026-02-07,2026-02-21,2026-03-03,2026-03-23,2026-08-15,146,20% Local Development Fund,
Demo — Barangay Multi-Purpose Court Repair,Fictional sample in Pantoc for testing project entry and review; not an official municipal project.,sports,Sample Site 10 (replace with verified location),Pantoc,Gabaldon,Nueva Ecija,,,Municipal Engineering Office (sample),Sample Contractor J (fictional),competitive_bidding,1940000.00,1860000.00,2026-01-22,2026-02-05,2026-02-19,2026-03-05,2026-03-15,2026-04-04,2026-09-03,153,General Fund,
